<?xml version="1.0" ?>
  <dpinst>

    <legacyMode/>
    
<!-- Localizations for the End User License Agreement -->

    <!-- ******************************************* -->
    <!--                   Arabic                    -->
    <!-- ******************************************* -->

    <!-- Algeria -->
    <language code="0x1401">
      <eula type="txt" path="ArabicLicense.txt"/>
    </language>

    <!-- Bahrain -->
    <language code="0x3c01">
      <eula type="txt" path="ArabicLicense.txt"/>
    </language>

    <!-- Egypt -->
    <language code="0x0c01">
      <eula type="txt" path="ArabicLicense.txt"/>
    </language>

    <!-- Iraq -->
    <language code="0x0801">
      <eula type="txt" path="ArabicLicense.txt"/>
    </language>

    <!-- Jordon -->
    <language code="0x2c01">
      <eula type="txt" path="ArabicLicense.txt"/>
    </language>

    <!-- Kuwait -->
    <language code="0x3401">
      <eula type="txt" path="ArabicLicense.txt"/>
    </language>

    <!-- Lebanon -->
    <language code="0x3001">
      <eula type="txt" path="ArabicLicense.txt"/>
    </language>

    <!-- Libya -->
    <language code="0x1001">
      <eula type="txt" path="ArabicLicense.txt"/>
    </language>

    <!-- Morocco -->
    <language code="0x1801">
      <eula type="txt" path="ArabicLicense.txt"/>
    </language>

    <!-- Oman -->
    <language code="0x2001">
      <eula type="txt" path="ArabicLicense.txt"/>
    </language>

    <!-- Qatar -->
    <language code="0x4001">
      <eula type="txt" path="ArabicLicense.txt"/>
    </language>

    <!-- Saudi Arabia -->
    <language code="0x0401">
      <eula type="txt" path="ArabicLicense.txt"/>
    </language>

    <!-- Syria -->
    <language code="0x2801">
      <eula type="txt" path="ArabicLicense.txt"/>
    </language>

    <!-- Tunisia -->
    <language code="0x1c01">
      <eula type="txt" path="ArabicLicense.txt"/>
    </language>

    <!-- U.A.E. -->
    <language code="0x3801">
      <eula type="txt" path="ArabicLicense.txt"/>
    </language>

    <!-- Yemen -->
    <language code="0x2401">
      <eula type="txt" path="ArabicLicense.txt"/>
    </language>

    <!-- ******************************************* -->
    <!--            Chinese (Traditional)            -->
    <!-- ******************************************* -->

    <!-- Hong Kong -->
    <language code="0x0C04">
      <eula type="txt" path="TraditionalChineseLicense.txt"/>
    </language>

    <!-- Macao SAR -->
    <language code="0x1404">
      <eula type="txt" path="TraditionalChineseLicense.txt"/>
    </language>

    <!-- Singapore -->
    <language code="0x1004">
      <eula type="txt" path="TraditionalChineseLicense.txt"/>
    </language>

    <!-- Taiwan -->
    <language code="0x0404">
      <eula type="txt" path="TraditionalChineseLicense.txt"/>
    </language>

    <!-- ******************************************* -->
    <!--             Chinese (Simplified)            -->
    <!-- ******************************************* -->

    <!-- Simplified (Hans) -->
    <language code="0x0004">
      <eula type="txt" path="SimplifiedChineseLicense.txt"/>
    </language>

    <!-- Simplified (Hant) -->
    <language code="0x0804">
      <eula type="txt" path="SimplifiedChineseLicense.txt"/>
    </language>

    <!-- ******************************************* -->
    <!--                  Croatian                   -->
    <!-- ******************************************* -->

    <!-- Croatian -->
    <language code="0x041A">
      <eula type="txt" path="EnglishLicense.txt"/>
    </language>

    <!-- Bosnia and Herzegovina -->
    <language code="0x101A">
      <eula type="txt" path="EnglishLicense.txt"/>
    </language>

    <!-- ******************************************* -->
    <!--                   Czech                     -->
    <!-- ******************************************* -->

    <!-- Czech -->
    <language code="0x0405">
      <eula type="txt" path="CzechLicense.txt"/>
    </language>

    <!-- ******************************************* -->
    <!--                   Danish                    -->
    <!-- ******************************************* -->

    <!-- Denmark -->
    <language code="0x0406">
      <eula type="txt" path="DanishLicense.txt"/>
    </language>

    <!-- ******************************************* -->
    <!--                    Dutch                    -->
    <!-- ******************************************* -->

    <!-- Belgium -->
    <language code="0x0813">
      <eula type="txt" path="DutchLicense.txt"/>
    </language>

    <!-- Netherlands -->    
    <language code="0x0413">
      <eula type="txt" path="DutchLicense.txt"/>
    </language>

    <!-- ******************************************* -->
    <!--                   English                   -->
    <!-- ******************************************* -->

    <!-- Australia -->
    <language code="0x0C09">
      <eula type="txt" path="EnglishLicense.txt"/>
    </language>

    <!-- Belize -->
    <language code="0x2809">
      <eula type="txt" path="EnglishLicense.txt"/>
    </language>

    <!-- Canada -->
    <language code="0x1009">
      <eula type="txt" path="EnglishLicense.txt"/>
    </language>

    <!-- Caribbean -->
    <language code="0x2409">
      <eula type="txt" path="EnglishLicense.txt"/>
    </language>

    <!-- India -->
    <language code="0x4009">
      <eula type="txt" path="EnglishLicense.txt"/>
    </language>

    <!-- Ireland -->
    <language code="0x1809">
      <eula type="txt" path="EnglishLicense.txt"/>
    </language>

    <!-- Jamaica -->
    <language code="0x2009">
      <eula type="txt" path="EnglishLicense.txt"/>
    </language>

    <!-- Malaysia -->
    <language code="0x4409">
      <eula type="txt" path="EnglishLicense.txt"/>
    </language>

    <!-- New Zealand -->
    <language code="0x1409">
      <eula type="txt" path="EnglishLicense.txt"/>
    </language>

    <!-- Philippines -->
    <language code="0x3409">
      <eula type="txt" path="EnglishLicense.txt"/>
    </language>

    <!-- Singapore -->
    <language code="0x4809">
      <eula type="txt" path="EnglishLicense.txt"/>
    </language>

    <!-- South Africa -->
    <language code="0x1c09">
      <eula type="txt" path="EnglishLicense.txt"/>
    </language>

    <!-- Trinidad and Tobago -->
    <language code="0x2c09">
      <eula type="txt" path="EnglishLicense.txt"/>
    </language>

    <!-- United Kingdom -->
    <language code="0x0809">
      <eula type="txt" path="EnglishLicense.txt"/>
    </language>

    <!-- United States -->
    <language code="0x0409">
      <eula type="txt" path="EnglishLicense.txt"/>
    </language>

    <!-- Zimbabwe -->
    <language code="0x3009">
      <eula type="txt" path="EnglishLicense.txt"/>
    </language>

    <!-- ******************************************* -->
    <!--                   Finnish                   -->
    <!-- ******************************************* -->

    <!-- Finland -->
    <language code="0x040B">
      <eula type="txt" path="FinnishLicense.txt"/>
    </language>

    <!-- ******************************************* -->
    <!--                   French                    -->
    <!-- ******************************************* -->

    <!-- Belgium -->
    <language code="0x080C">
      <eula type="txt" path="FrenchLicense.txt"/>
    </language>

    <!-- Canada -->
    <language code="0x0C0C">
      <eula type="txt" path="FrenchLicense.txt"/>
    </language>

    <!-- Cameroon -->
    <language code="0x2C0C">
      <eula type="txt" path="FrenchLicense.txt"/>
    </language>

    <!-- Congo, DRC -->
    <language code="0x240C">
      <eula type="txt" path="FrenchLicense.txt"/>
    </language>

    <!-- Cote d'Ivoire -->
    <language code="0x300C">
      <eula type="txt" path="FrenchLicense.txt"/>
    </language>

    <!-- France -->
    <language code="0x040C">
      <eula type="txt" path="FrenchLicense.txt"/>
    </language>

    <!-- Luxembourg -->
    <language code="0x140C">
      <eula type="txt" path="FrenchLicense.txt"/>
    </language>

    <!-- Mali -->
    <language code="0x340C">
      <eula type="txt" path="FrenchLicense.txt"/>
    </language>

    <!-- Monaco -->
    <language code="0x180C">
      <eula type="txt" path="FrenchLicense.txt"/>
    </language>

    <!-- Morocco -->
    <language code="0x380C">
      <eula type="txt" path="FrenchLicense.txt"/>
    </language>

    <!-- Senegal -->
    <language code="0x280C">
      <eula type="txt" path="FrenchLicense.txt"/>
    </language>

    <!-- Switzerland -->
    <language code="0x100C">
      <eula type="txt" path="FrenchLicense.txt"/>
    </language>
 
    <!-- West Indies -->
    <language code="0x1C0C">
      <eula type="txt" path="FrenchLicense.txt"/>
    </language>

    <!-- ******************************************* -->
    <!--                   German                    -->
    <!-- ******************************************* -->

    <!-- Austria -->
    <language code="0x0C07">
      <eula type="txt" path="GermanLicense.txt"/>
    </language>

    <!-- Germany -->
    <language code="0x0407">
      <eula type="txt" path="GermanLicense.txt"/>
    </language>

    <!-- Liechtenstein -->
    <language code="0x1407">
      <eula type="txt" path="GermanLicense.txt"/>
    </language>

    <!-- Luxembourg -->
    <language code="0x1007">
      <eula type="txt" path="GermanLicense.txt"/>
    </language>

    <!-- Switzerland -->
    <language code="0x0807">
      <eula type="txt" path="GermanLicense.txt"/>
    </language>

    <!-- ******************************************* -->
    <!--                   Greek                     -->
    <!-- ******************************************* -->

    <!-- Greek -->
    <language code="0x0408">
      <eula type="txt" path="EnglishLicense.txt"/>
    </language>

    <!-- ******************************************* -->
    <!--                   Hebrew                    -->
    <!-- ******************************************* -->

    <!-- Hebrew -->
    <language code="0x040D">
      <eula type="txt" path="EnglishLicense.txt"/>
    </language>

    <!-- ******************************************* -->
    <!--                 Hungarian                   -->
    <!-- ******************************************* -->

    <!-- Hungarian -->
    <language code="0x040E">
      <eula type="txt" path="HungarianLicense.txt"/>
    </language>

    <!-- ******************************************* -->
    <!--                   Italian                   -->
    <!-- ******************************************* -->

    <!-- Italy -->
    <language code="0x0410">
      <eula type="txt" path="ItalianLicense.txt"/>
    </language>

    <!-- Switzerland -->
    <language code="0x0810">
      <eula type="txt" path="ItalianLicense.txt"/>
    </language>

    <!-- ******************************************* -->
    <!--                  Japanese                   -->
    <!-- ******************************************* -->

    <!-- Japan -->
    <language code="0x0411">
      <eula type="txt" path="JapaneseLicense.txt"/>
    </language>

    <!-- ******************************************* -->
    <!--                   Korean                    -->
    <!-- ******************************************* -->

    <!-- Korea -->
    <language code="0x0412">
      <eula type="txt" path="KoreanLicense.txt"/>
    </language>

    <!-- ******************************************* -->
    <!--                  Norwegian                  -->
    <!-- ******************************************* -->

    <!-- Bokmal, Norway -->
    <language code="0x0414">
      <eula type="txt" path="NorwegianLicense.txt"/>
    </language>
 
    <!-- Nynorsk, Norway -->
   <language code="0x0814">
      <eula type="txt" path="NorwegianLicense.txt"/>
    </language>

    <!-- ******************************************* -->
    <!--                   Polish                    -->
    <!-- ******************************************* -->

    <!-- Poland -->
    <language code="0x0415">
      <eula type="txt" path="PolishLicense.txt"/>
    </language>

    <!-- ******************************************* -->
    <!--           Portuguese (Brazilian)            -->
    <!-- ******************************************* -->

    <!-- Brazil -->
    <language code="0x0416">
      <eula type="txt" path="BrazilianPortugueseLicense.txt"/>
    </language>

    <!-- ******************************************* -->
    <!--                 Portuguese                  -->
    <!-- ******************************************* -->

    <!-- Portugal -->
    <language code="0x0816">
      <eula type="txt" path="PortugueseLicense.txt"/>
    </language>

    <!-- ******************************************* -->
    <!--                  Romanian                   -->
    <!-- ******************************************* -->

    <!-- Romanian -->
    <language code="0x0418">
      <eula type="txt" path="EnglishLicense.txt"/>
    </language>

    <!-- Moldova -->
    <language code="0x0818">
      <eula type="txt" path="EnglishLicense.txt"/>
    </language>

    <!-- ******************************************* -->
    <!--                   Russian                   -->
    <!-- ******************************************* -->

    <!-- Russia -->
    <language code="0x0419">
      <eula type="txt" path="RussianLicense.txt"/>
    </language>

    <!-- Moldova -->
    <language code="0x0819">
      <eula type="txt" path="RussianLicense.txt"/>
    </language>

    <!-- ******************************************* -->
    <!--                   Slovak                    -->
    <!-- ******************************************* -->

    <!-- Slovak -->
    <language code="0x041B">
      <eula type="txt" path="EnglishLicense.txt"/>
    </language>

    <!-- ******************************************* -->
    <!--                   Spanish                   -->
    <!-- ******************************************* -->

    <!-- Argentina -->
    <language code="0x2C0A">
      <eula type="txt" path="SpanishLicense.txt"/>
    </language>

    <!-- Bolivia -->
    <language code="0x400A">
      <eula type="txt" path="SpanishLicense.txt"/>
    </language>

    <!-- Chile -->
    <language code="0x340A">
      <eula type="txt" path="SpanishLicense.txt"/>
    </language>

    <!-- Colombia -->
    <language code="0x240A">
      <eula type="txt" path="SpanishLicense.txt"/>
    </language>

    <!-- Costa Rica -->
    <language code="0x140A">
      <eula type="txt" path="SpanishLicense.txt"/>
    </language>

    <!-- Dominican Republic -->
    <language code="0x1C0A">
      <eula type="txt" path="SpanishLicense.txt"/>
    </language>

    <!-- Ecuador -->
    <language code="0x300A">
      <eula type="txt" path="SpanishLicense.txt"/>
    </language>

    <!-- El Salvador -->
    <language code="0x440A">
      <eula type="txt" path="SpanishLicense.txt"/>
    </language>

    <!-- Guatemala -->
    <language code="0x100A">
      <eula type="txt" path="SpanishLicense.txt"/>
    </language>

    <!-- Honduras -->
    <language code="0x480A">
      <eula type="txt" path="SpanishLicense.txt"/>
    </language>

    <!-- International Sort -->
    <language code="0x0C0A">
      <eula type="txt" path="SpanishLicense.txt"/>
    </language>

    <!-- Mexico -->
    <language code="0x080A">
      <eula type="txt" path="SpanishLicense.txt"/>
    </language>

    <!-- Nicaragua -->
    <language code="0x4C0A">
      <eula type="txt" path="SpanishLicense.txt"/>
    </language>

    <!-- Panama -->
    <language code="0x180A">
      <eula type="txt" path="SpanishLicense.txt"/>
    </language>

    <!--Paraguay  -->
    <language code="0x3C0A">
      <eula type="txt" path="SpanishLicense.txt"/>
    </language>

    <!-- Peru -->
    <language code="0x280A">
      <eula type="txt" path="SpanishLicense.txt"/>
    </language>

    <!-- Puerto Rico -->
    <language code="0x500A">
      <eula type="txt" path="SpanishLicense.txt"/>
    </language>

    <!-- Traditional Sort -->
    <language code="0x040A">
      <eula type="txt" path="SpanishLicense.txt"/>
    </language>

    <!-- United States -->
    <language code="0x540A">
      <eula type="txt" path="SpanishLicense.txt"/>
    </language>

    <!-- Uruguay -->
    <language code="0x380A">
      <eula type="txt" path="SpanishLicense.txt"/>
    </language>

    <!-- Venezuela -->
    <language code="0x200A">
      <eula type="txt" path="SpanishLicense.txt"/>
    </language>

    <!-- ******************************************* -->
    <!--                   Swedish                   -->
    <!-- ******************************************* -->

    <!-- Finland -->
    <language code="0x081D">
      <eula type="txt" path="SwedishLicense.txt"/>
    </language>

    <!-- Sweden -->
    <language code="0x041D">
      <eula type="txt" path="SwedishLicense.txt"/>
    </language>

    <!-- ******************************************* -->
    <!--                 Ukrainian                   -->
    <!-- ******************************************* -->

    <!-- Ukrainian -->
    <language code="0x0422">
      <eula type="txt" path="EnglishLicense.txt"/>
    </language>

    <!-- ******************************************* -->
    <!--                  Turkish                    -->
    <!-- ******************************************* -->

    <!-- Turkish -->
    <language code="0x041F">
      <eula type="txt" path="TurkishLicense.txt"/>
    </language>

  </dpinst>

